adduser	3.152
apparmor	4.1.0-1
apt	3.0.3
apt-listchanges	4.8
apt-utils	3.0.3
autoconf	2.72-3.1
automake	1:1.17-4
autopoint	0.23.1-2
autotools-dev	20240727.1
base-files	13.8+deb13u6
base-passwd	3.6.7
bash	5.2.37-2+b9
bash-completion	1:2.16.0-7
bind9-host	1:9.20.26-1~deb13u1
bind9-libs:amd64	1:9.20.26-1~deb13u1
binutils	2.44-3
binutils-common:amd64	2.44-3
binutils-x86-64-linux-gnu	2.44-3
bsdextrautils	2.41.5-0+deb13u1
bsdutils	1:2.41.5-0+deb13u1
build-essential	12.12
bzip2	1.0.8-6
ca-certificates	20250419
cloud-guest-utils	0.33-1
cloud-image-utils	0.33-1
cloud-init	25.1.4-1+deb13u1
cloud-initramfs-growroot	0.18.debian14
cloud-utils	0.33-1
comerr-dev:amd64	2.1-1.47.2-3+b11
coreutils	9.7-3
cpio	2.15+dfsg-2
cpp	4:14.2.0-1
cpp-14	14.2.0-19
cpp-14-x86-64-linux-gnu	14.2.0-19
cpp-x86-64-linux-gnu	4:14.2.0-1
curl	8.14.1-2+deb13u4
dash	0.5.12-12
dbus	1.16.2-2
dbus-bin	1.16.2-2
dbus-daemon	1.16.2-2
dbus-session-bus-common	1.16.2-2
dbus-system-bus-common	1.16.2-2
debconf	1.5.91
debhelper	13.24.2
debian-archive-keyring	2025.1
debianutils	5.23.2
debootstrap	1.0.141
dh-autoreconf	20
dh-strip-nondeterminism	1.14.1-2
dhcpcd-base	1:10.1.0-11+deb13u3
diffutils	1:3.10-4
dirmngr	2.4.7-21+deb13u1+b4
distro-info	1.13
distro-info-data	0.66+deb13u2
dmsetup	2:1.02.205-2
dosfstools	4.2-1.2
dpkg	1.22.22
dpkg-dev	1.22.22
dracut-install	106-6
dwz	0.15-1+b1
e2fsprogs	1.47.2-3+b11
eject	2.41.5-0+deb13u1
ethtool	1:6.14.2-1
fakeroot	1.37.1.1-1
fdisk	2.41.5-0+deb13u1
file	1:5.46-5
findutils	4.10.0-3
g++	4:14.2.0-1
g++-14	14.2.0-19
g++-14-x86-64-linux-gnu	14.2.0-19
g++-x86-64-linux-gnu	4:14.2.0-1
gcc	4:14.2.0-1
gcc-14	14.2.0-19
gcc-14-base:amd64	14.2.0-19
gcc-14-x86-64-linux-gnu	14.2.0-19
gcc-x86-64-linux-gnu	4:14.2.0-1
gdisk	1.0.10-2
genisoimage	9:1.1.11-4
gettext	0.23.1-2
gettext-base	0.23.1-2
git	1:2.47.3-0+deb13u1
git-man	1:2.47.3-0+deb13u1
gnat	14.1
gnat-14	14.2.0-19
gnat-14-x86-64-linux-gnu	14.2.0-19
gnupg	2.4.7-21+deb13u1
gnupg-l10n	2.4.7-21+deb13u1
gpg	2.4.7-21+deb13u1+b4
gpg-agent	2.4.7-21+deb13u1+b4
gpgconf	2.4.7-21+deb13u1+b4
gpgsm	2.4.7-21+deb13u1+b4
gprbuild	2025.0.0-4
gprconfig-kb	25.0.0-2
grep	3.11-4
groff-base	1.23.0-9
grub-cloud-amd64	0.1.1
grub-common	2.12-9+deb13u2
grub-efi-amd64-bin	2.12-9+deb13u2
grub-efi-amd64-signed	1+2.12+9+deb13u2
grub-efi-amd64-unsigned	2.12-9+deb13u2
grub-pc-bin	2.12-9+deb13u2
grub2-common	2.12-9+deb13u2
gzip	1.13-1
hostname	3.25
init	1.69~deb13u1
init-system-helpers	1.69~deb13u1
initramfs-tools	0.148.4
initramfs-tools-bin	0.148.4
initramfs-tools-core	0.148.4
intltool-debian	0.35.0+20060710.6
iproute2	6.15.0-1
iptables	1.8.11-2
iputils-ping	3:20240905-3
ipxe-qemu	1.21.1+git20250501.dad20602+dfsg-1
klibc-utils	2.0.14-1
kmod	34.2-2
krb5-multidev:amd64	1.21.3-5+deb13u1
less	668-1
libacl1:amd64	2.3.2-2+b1
libacl1-dev:amd64	2.3.2-2+b1
libaio1t64:amd64	0.3.113-8+b1
libapparmor1:amd64	4.1.0-1
libapt-pkg7.0:amd64	3.0.3
libarchive-dev:amd64	3.7.4-4+deb13u1
libarchive-zip-perl	1.68-1
libarchive13t64:amd64	3.7.4-4+deb13u1
libasan8:amd64	14.2.0-19
libasound2-data	1.2.14-1
libasound2t64:amd64	1.2.14-1
libassuan9:amd64	3.0.2-2
libatomic1:amd64	14.2.0-19
libattr1:amd64	1:2.5.2-3
libattr1-dev:amd64	1:2.5.2-3
libaudit-common	1:4.0.2-2
libaudit1:amd64	1:4.0.2-2+b2
libbinutils:amd64	2.44-3
libblkid1:amd64	2.41.5-0+deb13u1
libbpf1:amd64	1:1.5.0-3
libbrlapi0.8:amd64	6.7-3.1+deb13u3
libbrotli-dev:amd64	1.1.0-2+b7
libbrotli1:amd64	1.1.0-2+b7
libbsd0:amd64	0.12.2-2
libburn4t64:amd64	1.5.6-1.1+b1
libbz2-1.0:amd64	1.0.8-6
libbz2-dev:amd64	1.0.8-6
libc-bin	2.41-12+deb13u3
libc-dev-bin	2.41-12+deb13u3
libc-l10n	2.41-12+deb13u3
libc6:amd64	2.41-12+deb13u3
libc6-dev:amd64	2.41-12+deb13u3
libcacard0:amd64	1:2.8.0-3+b2
libcap-dev:amd64	1:2.75-10+deb13u1+b1
libcap-ng0:amd64	0.8.5-4+b1
libcap2:amd64	1:2.75-10+deb13u1+b1
libcap2-bin	1:2.75-10+deb13u1+b1
libcapstone5:amd64	5.0.7-1~deb13u1
libcbor0.10:amd64	0.10.2-2
libcc1-0:amd64	14.2.0-19
libcom-err2:amd64	1.47.2-3+b11
libcrypt-dev:amd64	1:4.4.38-1
libcrypt1:amd64	1:4.4.38-1
libctf-nobfd0:amd64	2.44-3
libctf0:amd64	2.44-3
libcurl3t64-gnutls:amd64	8.14.1-2+deb13u4
libcurl4-openssl-dev:amd64	8.14.1-2+deb13u4
libcurl4t64:amd64	8.14.1-2+deb13u4
libdaxctl1:amd64	81-1
libdb5.3t64:amd64	5.3.28+dfsg2-9
libdbus-1-3:amd64	1.16.2-2
libdebconfclient0:amd64	0.280
libdebhelper-perl	13.24.2
libdevmapper1.02.1:amd64	2:1.02.205-2
libdpkg-perl	1.22.22
libduktape207:amd64	2.7.0-2+b2
libedit2:amd64	3.1-20250104-1
libefiboot1t64:amd64	38-3.1+b1
libefivar1t64:amd64	38-3.1+b1
libelf1t64:amd64	0.192-4
liberror-perl	0.17030-1
libevent-2.1-7t64:amd64	2.1.12-stable-10+b1
libexecs1:amd64	1.4-2+b2
libexpat1:amd64	2.8.3-1~deb13u1
libext2fs-dev	1.47.2-3+b11
libext2fs2t64:amd64	1.47.2-3+b11
libfakeroot:amd64	1.37.1.1-1
libfdisk1:amd64	2.41.5-0+deb13u1
libfdt1:amd64	1.7.2-2+b1
libffi8:amd64	3.4.8-2
libfido2-1:amd64	1.15.0-1+b1
libfile-stripnondeterminism-perl	1.14.1-2
libfreetype6:amd64	2.13.3+dfsg-1+deb13u1
libfstrm0:amd64	0.6.1-1+b3
libfuse3-4:amd64	3.17.2-3
libgcc-14-dev:amd64	14.2.0-19
libgcc-s1:amd64	14.2.0-19
libgcrypt20:amd64	1.11.0-7+deb13u1
libgdbm-compat4t64:amd64	1.24-2
libgdbm6t64:amd64	1.24-2
libglib2.0-0t64:amd64	2.84.4-3~deb13u3
libgmp-dev:amd64	2:6.3.0+dfsg-3
libgmp10:amd64	2:6.3.0+dfsg-3
libgmpxx4ldbl:amd64	2:6.3.0+dfsg-3
libgnat-14:amd64	14.2.0-19
libgnatprj12:amd64	2025.0.0-4
libgnutls-dane0t64:amd64	3.8.9-3+deb13u4
libgnutls-openssl27t64:amd64	3.8.9-3+deb13u4
libgnutls28-dev:amd64	3.8.9-3+deb13u4
libgnutls30t64:amd64	3.8.9-3+deb13u4
libgomp1:amd64	14.2.0-19
libgpg-error0:amd64	1.51-4
libgpm2:amd64	1.20.7-11+b2
libgprofng0:amd64	2.44-3
libgssapi-krb5-2:amd64	1.21.3-5+deb13u1
libgssrpc4t64:amd64	1.21.3-5+deb13u1
libhogweed6t64:amd64	3.10.1-1
libhwasan0:amd64	14.2.0-19
libibverbs1:amd64	56.1-1
libidn2-0:amd64	2.3.8-2
libidn2-dev:amd64	2.3.8-2
libip4tc2:amd64	1.8.11-2
libip6tc2:amd64	1.8.11-2
libisl23:amd64	0.27-1
libisoburn1t64:amd64	1.5.6-1.2+b1
libisofs6t64:amd64	1.5.6.pl01-1.1+b1
libitm1:amd64	14.2.0-19
libjansson4:amd64	2.14-2+b3
libjemalloc2:amd64	5.3.0-3
libjpeg62-turbo:amd64	1:2.1.5-4
libjson-c5:amd64	0.18+ds-1
libjte2:amd64	1.22-4+b2
libk5crypto3:amd64	1.21.3-5+deb13u1
libkadm5clnt-mit12:amd64	1.21.3-5+deb13u1
libkadm5srv-mit12:amd64	1.21.3-5+deb13u1
libkdb5-10t64:amd64	1.21.3-5+deb13u1
libkeyutils1:amd64	1.6.3-6
libklibc:amd64	2.0.14-1
libkmod2:amd64	34.2-2
libkrb5-3:amd64	1.21.3-5+deb13u1
libkrb5-dev:amd64	1.21.3-5+deb13u1
libkrb5support0:amd64	1.21.3-5+deb13u1
libksba8:amd64	1.6.7-2+b1
liblastlog2-2:amd64	2.41.5-0+deb13u1
libldap-dev:amd64	2.6.10+dfsg-1
libldap2:amd64	2.6.10+dfsg-1
liblmdb0:amd64	0.9.31-1+b2
liblsan0:amd64	14.2.0-19
liblz4-1:amd64	1.10.0-4
liblz4-dev:amd64	1.10.0-4
liblzma-dev:amd64	5.8.1-1+deb13u1
liblzma5:amd64	5.8.1-1+deb13u1
liblzo2-2:amd64	2.10-3+b1
libmagic-mgc	1:5.46-5
libmagic1t64:amd64	1:5.46-5
libmaxminddb0:amd64	1.12.2-1
libmd0:amd64	1.1.0-2+b1
libmnl0:amd64	1.0.5-3
libmount1:amd64	2.41.5-0+deb13u1
libmpc3:amd64	1.3.1-1+b3
libmpfr6:amd64	4.2.2-1
libncursesw6:amd64	6.5+20250216-2
libndctl6:amd64	81-1
libnetfilter-conntrack3:amd64	1.1.0-1
libnetplan1:amd64	1.1.2-7
libnettle8t64:amd64	3.10.1-1
libnewt0.52:amd64	0.52.25-1
libnfnetlink0:amd64	1.0.2-3
libnftnl11:amd64	1.2.9-1
libnghttp2-14:amd64	1.64.0-1.1+deb13u1
libnghttp2-dev:amd64	1.64.0-1.1+deb13u1
libnghttp3-9:amd64	1.8.0-1
libnghttp3-dev:amd64	1.8.0-1
libngtcp2-16:amd64	1.11.0-1+deb13u1
libngtcp2-crypto-gnutls8:amd64	1.11.0-1+deb13u1
libnl-3-200:amd64	3.7.0-2
libnl-route-3-200:amd64	3.7.0-2
libnpth0t64:amd64	1.8-3
libnspr4:amd64	2:4.36-1
libnss-myhostname:amd64	257.13-1~deb13u1
libnss-resolve:amd64	257.13-1~deb13u1
libnss3:amd64	2:3.110-1+deb13u4
libnuma1:amd64	2.0.19-1
libp11-kit-dev:amd64	0.25.5-3
libp11-kit0:amd64	0.25.5-3
libpam-modules:amd64	1.7.0-5
libpam-modules-bin	1.7.0-5
libpam-runtime	1.7.0-5
libpam-systemd:amd64	257.13-1~deb13u1
libpam0g:amd64	1.7.0-5
libpcap0.8t64:amd64	1.10.5-2
libpci3:amd64	1:3.13.0-2
libpcre2-8-0:amd64	10.46-1~deb13u1
libpcsclite1:amd64	2.3.3-1
libperl5.40:amd64	5.40.1-6
libpipeline1:amd64	1.5.8-1
libpixman-1-0:amd64	0.44.0-3
libpkgconf3:amd64	1.8.1-4
libpmem1:amd64	1.13.1-1.1+b1
libpng16-16t64:amd64	1.6.48-1+deb13u5
libpolkit-agent-1-0:amd64	126-2
libpolkit-gobject-1-0:amd64	126-2
libpopt0:amd64	1.19+dfsg-2
libproc2-0:amd64	2:4.0.4-9
libprotobuf-c1:amd64	1.5.1-1
libpsl-dev:amd64	0.21.2-1.1+b1
libpsl5t64:amd64	0.21.2-1.1+b1
libpython3-stdlib:amd64	3.13.5-1
libpython3.13-minimal:amd64	3.13.5-2+deb13u4
libpython3.13-stdlib:amd64	3.13.5-2+deb13u4
libquadmath0:amd64	14.2.0-19
librdmacm1t64:amd64	56.1-1
libreadline8t64:amd64	8.2-6
librtmp-dev:amd64	2.4+20151223.gitfa8646d.1-2+b5
librtmp1:amd64	2.4+20151223.gitfa8646d.1-2+b5
libsasl2-2:amd64	2.1.28+dfsg1-9
libsasl2-modules-db:amd64	2.1.28+dfsg1-9
libseccomp2:amd64	2.6.0-2
libselinux1:amd64	3.8.1-1
libsemanage-common	3.8.1-1
libsemanage2:amd64	3.8.1-1
libsepol2:amd64	3.8.1-1
libsframe1:amd64	2.44-3
libslang2:amd64	2.3.3-5+b2
libslirp0:amd64	4.8.0-1+deb13u1
libsmartcols1:amd64	2.41.5-0+deb13u1
libsodium-dev:amd64	1.0.18-1+deb13u1
libsodium23:amd64	1.0.18-1+deb13u1
libsqlite3-0:amd64	3.46.1-7+deb13u1
libss2:amd64	1.47.2-3+b11
libssh2-1-dev:amd64	1.11.1-1+deb13u1
libssh2-1t64:amd64	1.11.1-1+deb13u1
libssl-dev:amd64	3.5.7-1~deb13u2
libssl3t64:amd64	3.5.7-1~deb13u2
libstdc++-14-dev:amd64	14.2.0-19
libstdc++6:amd64	14.2.0-19
libsystemd-dev:amd64	257.13-1~deb13u1
libsystemd-shared:amd64	257.13-1~deb13u1
libsystemd0:amd64	257.13-1~deb13u1
libtasn1-6:amd64	4.20.0-2+deb13u1
libtasn1-6-dev:amd64	4.20.0-2+deb13u1
libtext-charwidth-perl:amd64	0.04-11+b4
libtext-wrapi18n-perl	0.06-10
libtinfo6:amd64	6.5+20250216-2
libtirpc-common	1.3.6+ds-1
libtirpc3t64:amd64	1.3.6+ds-1
libtool	2.5.4-4
libtsan2:amd64	14.2.0-19
libubsan1:amd64	14.2.0-19
libuchardet0:amd64	0.0.8-1+b2
libudev1:amd64	257.13-1~deb13u1
libunbound8:amd64	1.22.0-2+deb13u3
libunistring5:amd64	1.3-2
libunwind8:amd64	1.8.1-0.1
liburcu8t64:amd64	0.15.2-2
liburing2:amd64	2.9-1
libusb-1.0-0:amd64	2:1.0.28-1
libusbredirparser1t64:amd64	0.15.0-1
libuuid1:amd64	2.41.5-0+deb13u1
libuv1t64:amd64	1.50.0-2
libvdeplug2t64:amd64	4.0.1-5.1+b1
libwrap0:amd64	7.6.q-36
libwtmpdb0:amd64	0.73.0-3+deb13u1
libxml2:amd64	2.12.7+dfsg+really2.9.14-2.1+deb13u3
libxml2-dev:amd64	2.12.7+dfsg+really2.9.14-2.1+deb13u3
libxmlada-dom9:amd64	25.0.0-4
libxmlada-input8:amd64	25.0.0-4
libxmlada-sax8:amd64	25.0.0-4
libxmlada-schema8:amd64	25.0.0-4
libxmlada-unicode8:amd64	25.0.0-4
libxtables12:amd64	1.8.11-2
libxxhash-dev:amd64	0.8.3-2
libxxhash0:amd64	0.8.3-2
libyaml-0-2:amd64	0.2.5-2
libzstd-dev:amd64	1.5.7+dfsg-1
libzstd1:amd64	1.5.7+dfsg-1
linux-base	4.12.1
linux-image-6.12.107+deb13-cloud-amd64	6.12.107-1
linux-image-cloud-amd64	6.12.107-1
linux-libc-dev	6.12.107-1
linux-sysctl-defaults	4.12.1
live-build	1:20250505+deb13u1
locales	2.41-12+deb13u3
login	1:4.16.0-2+really2.41.5-0+deb13u1
login.defs	1:4.17.4-2
logsave	1.47.2-3+b11
lsb-release	12.1-1
m4	1.4.19-8
make	4.4.1-2
man-db	2.13.1-1
manpages	6.9.1-1
mawk	1.3.4.20250131-1
media-types	13.0.0
mokutil	0.7.2-1
mount	2.41.5-0+deb13u1
mtools	4.0.48-1
nano	8.4-1+deb13u1
ncurses-base	6.5+20250216-2
ncurses-bin	6.5+20250216-2
netbase	6.5
netcat-openbsd	1.229-1
netplan-generator	1.1.2-7
netplan.io	1.1.2-7
nettle-dev:amd64	3.10.1-1
openssh-client	1:10.0p1-7+deb13u4
openssh-server	1:10.0p1-7+deb13u4
openssh-sftp-server	1:10.0p1-7+deb13u4
openssl	3.5.7-1~deb13u2
openssl-provider-legacy	3.5.7-1~deb13u2
ovmf	2025.02-8+deb13u1
passwd	1:4.17.4-2
patch	2.8-2
pci.ids	0.0~2025.06.09-1
pciutils	1:3.13.0-2
perl	5.40.1-6
perl-base	5.40.1-6
perl-modules-5.40	5.40.1-6
pinentry-curses	1.3.1-2
pkg-config:amd64	1.8.1-4
pkgconf:amd64	1.8.1-4
pkgconf-bin	1.8.1-4
po-debconf	1.0.21+nmu1
polkitd	126-2
procps	2:4.0.4-9
psmisc	23.7-2
python-apt-common	3.0.0
python3	3.13.5-1
python3-apt	3.0.0
python3-attr	25.3.0-1
python3-bcrypt	4.2.0-2.1+b1
python3-blinker	1.9.0-1
python3-certifi	2025.1.31+ds-1
python3-cffi-backend:amd64	1.17.1-3
python3-chardet	5.2.0+dfsg-2
python3-charset-normalizer	3.4.2-1
python3-configobj	5.0.9-1
python3-cryptography	43.0.0-3+deb13u1
python3-dbus	1.4.0-1
python3-debconf	1.5.91
python3-debian	1.0.1
python3-debianbts	4.1.1
python3-distro	1.9.0-1
python3-distro-info	1.13
python3-idna	3.10-1+deb13u1
python3-jinja2	3.1.6-1
python3-json-pointer	2.4-3
python3-jsonpatch	1.32-5
python3-jsonschema	4.19.2-6
python3-jsonschema-specifications	2023.12.1-2
python3-jwt	2.10.1-2+deb13u1
python3-markupsafe	2.1.5-1+b3
python3-minimal	3.13.5-1
python3-netplan	1.1.2-7
python3-oauthlib	3.2.2-3
python3-referencing	0.36.2-1
python3-reportbug	13.2.0
python3-requests	2.32.3+dfsg-5+deb13u1
python3-rpds-py	0.21.0-2+b1
python3-urllib3	2.3.0-3+deb13u2
python3-yaml	6.0.2-1+b2
python3.13	3.13.5-2+deb13u4
python3.13-minimal	3.13.5-2+deb13u4
qemu-system-common	1:10.0.11+ds-0+deb13u1
qemu-system-data	1:10.0.11+ds-0+deb13u1
qemu-system-x86	1:10.0.11+ds-0+deb13u1
qemu-utils	1:10.0.11+ds-0+deb13u1
readline-common	8.2-6
reportbug	13.2.0
rpcsvc-proto	1.4.3-1
rsync	3.4.1+ds1-5+deb13u4
runit-helper	2.16.4
screen	4.9.1-3
seabios	1.16.3-2
sed	4.9-2+deb13u1
sensible-utils	0.0.25
sgml-base	1.31+nmu1
shim-helpers-amd64-signed	1+16.1+2~deb13u1
shim-signed:amd64	1.51~1+deb13u1+16.1-2~deb13u1
shim-signed-common	1.51~1+deb13u1+16.1-2~deb13u1
shim-unsigned:amd64	16.1-2~deb13u1
socat	1.8.0.3-1
squashfs-tools	1:4.6.1-1
sqv	1.3.0-3+b2
ssh-import-id	5.10-3
strace	6.13+ds-1
sudo	1.9.16p2-3+deb13u2
systemd	257.13-1~deb13u1
systemd-resolved	257.13-1~deb13u1
systemd-sysv	257.13-1~deb13u1
systemd-timesyncd	257.13-1~deb13u1
sysvinit-utils	3.14-4
tar	1.35+dfsg-3.1
tcpdump	4.99.5-2
traceroute	1:2.1.6-1
tzdata	2026b-0+deb13u1
ucf	3.0052
udev	257.13-1~deb13u1
unattended-upgrades	2.12
util-linux	2.41.5-0+deb13u1
uuid-runtime	2.41.5-0+deb13u1
vim	2:9.1.1230-2
vim-common	2:9.1.1230-2
vim-runtime	2:9.1.1230-2
vim-tiny	2:9.1.1230-2
wget	1.25.0-2
whiptail	0.52.25-1
xml-core	0.19
xorriso	1.5.6-1.2+b1
xz-utils	5.8.1-1+deb13u1
zlib1g:amd64	1:1.3.dfsg+really1.3.1-1+b1
zlib1g-dev:amd64	1:1.3.dfsg+really1.3.1-1+b1
zstd	1.5.7+dfsg-1
